序号,关联条目,文档标题,发文机关,文号,发布日期,出处链接,原文关键条款(逐字摘录),备注
1,户籍家庭公租房申请,广州市公共租赁住房保障办法,广州市人民政府办公厅,穗府办规〔2024〕13号,2024-07-29,https://www.gz.gov.cn/zwgk/fggw/sfbgtwj/content/post_9795789.html,"第二条 本办法所称的公共租赁住房保障，是指按照规定的条件通过发放住房租赁补贴、提供公共租赁住房的方式，以解决本市城镇户籍中等偏下收入住房困难家庭为主的住房保障制度。
第二十二条 申请公共租赁住房保障应当同时符合下列条件：（一）申请人及共同申请人应当具有本市城镇户籍，并在本市工作或居住（申请人配偶及未成年子女非本市城镇户籍但在本市工作或居住的、户籍因就学服兵役等原因迁出本市的除外）……（二）申请家庭申请之月前12个月家庭收入、家庭财产符合政府公布的标准……收入标准实行动态调整……（三）申请家庭在本市无自有产权住房，或现自有产权住房人均建筑面积低于15平方米（或人均居住面积低于10平方米）；租住的直管房住宅、单位公房人均建筑面积低于15平方米。（四）申请家庭未享受购买配售型保障性住房、共有产权住房、安居房、经济适用住房、拆迁安置新社区住房、落实侨房政策专用房等购房优惠政策。
第二十五条 申请、审核程序：（一）申请。申请人可登录指定网站线上申请，或到户籍所在地街道办事处（镇人民政府）线下申请，选择领取住房租赁补贴或轮候公共租赁住房……（二）初审……（三）复审……（四）公示。公示时间为20日。（五）异议复核……（六）公告。……
第二十七条 住房租赁补贴期限为5年。……市住房保障部门应每月将住房租赁补贴存入保障对象提供的社会保障卡账号。
第三十条 承租政府建设筹集的公共租赁住房的户籍家庭，按照家庭收入情况，实行差别化租金……经民政部门认定为低保家庭、最低生活保障边缘家庭、特困人员的孤寡老人免交租金。
第三十一条 公共租赁住房租赁合同期限为5年。租赁期满符合条件的保障对象可以申请续租。","主依据文件(现行有效穗府办规〔2024〕13号,2024-07-29印发,广州市政府门户);第二条保障定义/第二十二条申请条件/第二十五条申请审核程序(公示20日)/第二十七条补贴期限5年/第三十条孤寡老人免租金/第三十一条合同期限5年;旧版穗府办规〔2016〕9号已由本版取代;收入标准动态调整,以最新公告为准"
2,户籍家庭公租房申请,关于推出供应广州市2025年第一批户籍家庭公共租赁住房常态分配房源的通告,广州市住房保障办公室,（2025年第一批常态分配通告）,2025-03-19,https://zfcj.gz.gov.cn/zjyw/zfbz/content/mpost_10168701.html,"为进一步提高公共租赁住房分配和使用效率……我市2025年试行按季度实施户籍家庭公共租赁住房常态分配（以下简称""常态分配""）。
一、房源情况：本次推出分配的房源为2024年度户籍家庭公共租赁住房集中分配时未成功匹配的房源。房源点为萝岗和苑，总套数554套，均为两房一厅。
二、分配对象：本次常态分配的对象为2025年3月27日前已进入公共租赁住房轮候册、轮候号未被注销，且同时符合以下条件之一的家庭：（一）家庭保障人口为3人户及以上；（二）2人户中2人均年满18周岁（夫妻除外）；（三）2人户中为父女或母子结构。
三、分配原则：（一）家庭保障人口与户型对应……（二）按提交意向房源点先后顺序随机摇房……（三）限定周期及次数：常态分配按季度开展，若某季度实施户籍家庭公租房集中分配，则该季度不再进行常态分配……获得随机摇出房屋的申请对象，未在规定时间内选定1套进行配租确认，将视作弃租，再次参加常态分配需间隔满1年。
四、分配流程及时间安排（2025年第一批）：（一）公布房源2025年3月20日……（二）网上随机选房：2025年3月20日至3月24日内登录微信公众号""城壹宜居""中的""常态分配""专区上传材料，2025年3月25日上午10时至3月27日内选择并提交意向房源点；系统于2025年3月28日上午10时随机摇房；申请家庭需在摇出房屋后3个工作日内（3月31日-4月2日）选定1套房屋。（三）预配租情况公示：市住房保障办于2025年4月3日公示，公示期5个工作日。（四）资格复核：2025年4月11日起由各区住房保障部门进行资格复核。（五）签约和入住……
五、温馨提示：常态分配实行网上申请，申请对象可登录微信公众号""城壹宜居""中的""常态分配""专区自行申请，上网不便的申请家庭可在2025年3月20日-27日到保障房小区服务窗口办理。……可前往保障房小区服务窗口咨询并领取《户籍家庭公共租赁住房常态分配办理指引》及《广州市2025年户籍家庭公共租赁住房常态分配资料清单》，或致电400-893-9111、400-790-1999咨询。","时效性文件(2025年第一批,2025-03-19,广州市住建局/市住房保障办);2025起公租房常态分配按季度开展,无年度集中公告时以此为准;依据穗府办规〔2024〕13号+穗建规字〔2024〕2号+穗建规字〔2025〕4号;申请入口=微信公众号""城壹宜居"";咨询400-893-9111/400-790-1999;以最新批次通告为准"
3,广州城乡居民医保参保,广州市医疗保险服务中心关于开展2026年度广州市城乡居民基本医疗保险集中参保缴费工作的通告,广州市医疗保障局（广州市医疗保险服务中心）,穗府办规〔2021〕14号为依据,2025-10-17,https://www.gz.gov.cn/zt/zzyyzq/tzgg/content/post_10493724.html,（一）在校学生：个人缴费标准为每人413元，财政补助标准为每人956元。（二）其他参保人员：个人缴费标准为每人549元，财政补助标准为每人820元。……2026年度城乡居民医保集中参保和缴费时间在校学生为2025年9月下旬至2025年12月20日（集中参保期），其他参保人员为2025年10月下旬至2025年12月20日（集中参保期）。,主依据文件;2026年度通告
4,来穗人员居住证办理,电子居住证如何申领？一文说清,粤省事微信公众号（天河区政府网转载）,（依据《居住证暂行条例》《广东省流动人口服务管理条例》）,2024-07-19,http://www.thnet.gov.cn/zwfw/zdfw/jzzbl/xgzc/content/post_9767314.html,来穗人员在广州居住登记满半年，符合合法稳定住所、合法稳定就业、连续就读等三个条件之一的，提供居民身份证、相片和居住地址证明材料，可以申领电子居住证。……符合申领条件的来穗人员可以通过线上、线下两种渠道申领电子居住证。申领电子居住证的审核期限为5个工作日。,电子居住证与实体证法律效力一致;另有市公安局/来穗局申领规定见gz.gov.cn
5,天河区公办小学入学（人户一致）,2026年天河区义务教育阶段学校招生工作细则,广州市天河区教育局,穗天教〔2026〕2号,2026-04-28,https://www.thnet.gov.cn/gzjg/qzf/qjyj/zsks/content/post_10791180.html,"具有本市户籍的适龄儿童父母或其他法定监护人，须于2026年5月7日至11日登录""广州市义务教育学校招生报名系统""公办小学报名模块填写报名信息。网上报名登记有效后，于2026年5月16日至18日，根据网上预约时段到报名学校进行资料审核。经公办小学审核并报区教育局确认后，适龄儿童取得录取资格，学校于6月17日派发录取通知书。",主依据文件;条款摘自天河区政府网官方发布稿;细则正文为PDF扫描件已存档policy_sources
6,来穗人员随迁子女积分入学,2026年天河区来穗人员随迁子女积分制入学工作指引,广州市天河区教育局,（依据穗天教规字〔2024〕1号）,2026-06-25,https://www.thnet.gov.cn/gzjg/qzf/qjyj/zsks/content/post_10872346.html,"2026年天河区来穗人员随迁子女积分制入学学位计划总数为1023个（小学563个、初中460个）。……小学一年级提供积分入学学位计划563个，其中公办小学315个、民办小学248个；初中一年级提供积分入学学位计划460个，其中公办中学300个、民办中学160个。……6月27日10:00至7月1日15:00，来穗人员登录""广州市天河区来穗人员随迁子女积分制入学申请系统""（http://39.107.105.7/tianhejf/）填报志愿，每名申请人可填报1至19个志愿。……按照""积分优先、遵循志愿""的原则进行录取。",主依据文件(年度指引);依据《实施办法》穗天教规字〔2024〕1号;民办学位补贴小学5000元/年初中6000元/年;咨询38622512/38622522
7,公办/普惠幼儿园入园,2026年天河区幼儿园招生工作方案,广州市天河区教育局,（年度方案）,2026-04-20,https://www.thnet.gov.cn/gzjg/qzf/qjyj/zsks/content/post_10777181.html,"小班入园年龄为3周岁。教育部门办园2026年秋季招生对象为2022年9月1日至2023年8月31日期间出生的适龄幼儿。……教育部门办园面向社会招生的，90%学位面向社会电脑派位。……网上报名时间为5月19日至5月22日，家长登录""广州市天河区教育部门办园报名系统""（http://zs.dominner.com）……2026年6月5日发放录取通知书。",主依据文件;联系科室38622527
8,港澳居民子女在广州就读,2026年天河区港澳居民随迁子女入学指引,广州市天河区教育局,（年度指引）,2026-06-02,https://www.thnet.gov.cn/gzjg/qzf/qjyj/zsks/content/post_10833283.html,"2026年，天河区港澳居民随迁子女（持证适龄儿童少年）积分制入学计划总数为135个（小学45个、初中90个）。……6月2日10:00至6月5日15:00，适龄儿童少年登录""天河区港澳居民随迁子女积分制入学申请系统""（http://39.107.105.7/tianhejf-gangao/）填报志愿，可填报1—2个志愿。……按""积分优先、遵循志愿""原则录取。",亮点:南国学校等设港澳子弟班;咨询020-38622512/020-38622522
9,异地就医备案与直接结算,"无需个人垫付！广州异地就医备案，上""穗好办""快速办理！",广州市人民政府门户（市医保局供稿）,（政务指引）,2023-12-14,https://www.gz.gov.cn/zt/shb/content/post_9383871.html,"广州市现已开通省内及跨省异地就医住院、普通门诊、门诊特定病种以及省内跨市生育费用直接结算，已办理相应异地就医备案的广州市参保人，可在就医结束后直接结算相关医疗费用，无需个人垫付医疗费用后办理报销手续。……打开""穗好办""APP，在""首页—热门服务""选择""异地就医备案""专栏……后台工作人员将在2个工作日内完成审批。……已办理异地就医备案且经审批通过后，参保人可持本人医保电子凭证或社保卡在备案地的异地就医联网结算医疗机构就医并直接结算医疗费用。",主依据文件(政务指引);另有粤医保小程序渠道;异地普通门诊无须提前选点;备案地与广州双向享受待遇
10,家庭医生签约服务,广州市卫生健康委等4部门关于印发推进广州市家庭医生签约服务高质量发展实施方案的通知,广州市卫生健康委员会、市财政局、市人社局、市医保局,穗卫函〔2023〕1930号,2023-11-07,https://wjw.gz.gov.cn/gkmlpt/content/9/9306/post_9306638.html,家庭医生签约服务包分为免费服务包、基本服务包及个性化服务包，实行分类签约、有偿签约、差别化签约。……优先保障老年人、孕产妇、儿童、残疾人、计划生育特殊家庭成员以及高血压、糖尿病、结核病和严重精神障碍患者等重点人群签约服务需求……落实低保、孤儿以及计生特别扶助家庭等6类困难群体免费签约基本包政策。……针对已签约家庭医生，并患有高血压、糖尿病等慢性病参保人，经家庭医生评估可将处方用药量最长放宽至3个月。……家庭医生应每季度至少主动联系1次签约居民。,主依据文件;天河区卫健委落实推进(2025-03-28会议);服务专线020-12320
11,生育保险报销与生育津贴,本月起，这笔钱直接发放至个人！（生育津贴直接发放至个人）,广州市人民政府门户,（政策宣传）,2025-12-03,https://www.gz.gov.cn/zt/shb/content/post_10577393.html,好消息来了！广州市生育保险政策迎来新变化！2025年12月1日起生育津贴由参保职工本人申请，直接发放至个人，无需再通过用人单位申请。……符合《广东省职工生育保险规定》生育津贴领取条件的参保职工，在2025年12月1日（含当日）后分娩、终止妊娠或实施计划生育手术的，可按规定由职工本人申请生育津贴，直接发放至个人。……职工可通过穗好办APP、穗好办微信公众号、广东政务服务网线上办理，或携资料前往广州市各医保分中心服务大厅办理。,主依据文件;津贴低于原工资由单位补足;2025-11-30前生育仍按原渠道;另有市医保中心通知
12,门诊慢特病与大病保险,广东多项医保新措1月1日起实施,广州市人民政府门户（省医保局解读）,（政策宣传）,2025-01-01,https://www.gz.gov.cn/zwfw/zxfw/ylfw/content/post_10056615.html,自2025年起，对连续参加居民医保满4年的参保人员，之后每连续参保1年，提高大病保险最高支付限额3800元；对当年基金零报销的居民医保参保人员，次年提高大病保险最高支付限额3800元。两项激励额度可累加。……慢性阻塞性肺疾病（即慢阻肺）、类风湿关节炎、冠心病、病毒性肝炎、强直性脊柱炎自2025年1月1日起可实现跨省直接结算。……省内跨市就医人员可在符合资质的就医市定点医疗机构办理全省统一的门诊特定病种待遇认定，全省规定范围内的门诊特定病种，参保人员待遇认定信息全省互认。,主依据文件;门特分类/待遇另见穗医保规字〔2019〕4号(已续期);大病保险无需单独缴费
13,天河区人才公寓,关于受理天河区人才公寓申请的公告,广州市天河区住房建设和园林局,（《天河区人才公寓建设和使用管理办法》为依据）,2025-08-11,http://www.thnet.gov.cn/thqzdlyxxgkzl/zfbz/bzxzffphtcxx/content/post_10393698.html,申请租赁人才公寓的人才一般应具有大学本科及以上学历或中级及以上职称；不符合学历或职称条件的，上年度年薪应当在30万元以上。……申请租赁人才公寓的人才及其配偶、未成年子女没有在广州市通过购买、受赠、继承或其他途径获得自有产权住房所有权；申请租赁人才公寓的人才及其配偶没有享受其他住房保障（含公共租赁住房、市本级共有产权住房、廉租房、住房补贴）。……本批次人才公寓共66套……富力大厦32.5元/平方米/月、珠江嘉苑18元/平方米/月、棠雅苑38元/平方米/月、誉城苑50元/平方米/月。……人才公寓合同租赁期限不超过3年。,天河区亮点:港澳台青年人才18-45周岁在指定基地就业创业可申请;受理电话区委组织部020-38622165/科工信局020-38200174/统战部020-38622235;批次受理
14,住房租赁补贴,广州市住房和城乡建设局关于进一步加强户籍家庭住房保障工作的通知,广州市住房和城乡建设局,穗建规字〔2024〕5号,2024-03-04,https://www.gz.gov.cn/gfxwj/sbmgfxwj/gzszfhcxjsj/content/post_9518264.html,户籍家庭公共租赁住房保障收入准入限额基准为家庭年人均收入49952元。……住房租赁补贴按照人均保障建筑面积、家庭保障人口、补贴标准、收入水平、区域等因素确定。补贴标准为建筑面积每平方米37元……计算公式为：住房租赁补贴＝（人均保障建筑面积标准－人均自有产权住房建筑面积）×家庭保障人口×补贴标准×收入补贴系数×区域补贴系数。按上述公式计算每户每月住房租赁补贴不足200元的，按照200元／月予以发放。,主依据文件;有效期5年(2024-03-04至2029-03-03);60岁以上家庭标准放宽至130%;低保等困难家庭及轮候超5年可领
15,出租屋租赁备案（城中村）,房屋租赁登记备案可以网办吗？您想了解的在这里！,广州市天河区住房建设和园林局,（依据《广州市房屋租赁合同登记备案规则》）,2023-07-27,http://www.thnet.gov.cn/thdt/tzgg/qtgg/content/post_9129358.html,"《广州市房屋租赁合同登记备案规则》明确要求，房屋租赁当事人（双方或单方均可）应当在订立租赁合同之日起30日内办理房屋租赁登记备案手续。……需要申请材料如下：1、租赁双方当事人身份证明；2、房屋权属证明或者房屋合法来源资料（房产证，宅基地证）；3、房屋租赁合同。……房屋租赁登记备案，既可以在天河区内各街道便民服务中心办理，也可通过广州市房屋租赁信息服务平台或""穗好办""APP申请登记备案。",天河区亮点:城中村出租屋同样适用;备案证明是居住证/积分入学/积分入户的合法稳定住所凭证;附天河21街道便民服务中心电话地址
16,创业担保贷款,创业担保贷款常见问题,广州市人力资源和社会保障局（市劳动就业服务管理中心）,（政务问答）,2025-11-18,https://rsj.gz.gov.cn/zmhd/cjwt/rsrc/content/post_10555927.html,符合申请条件的个人创业担保贷款额度最高30万元；带动就业5人及以上就业的，贷款额度最高50万元。小微企业创业担保贷款最高500万元。……个人创业担保贷款每次期限最长不超过3年，小微企业创业担保贷款每次期限最长不超过2年。……创业担保贷款利率上限不超过LPR+50BP。按贷款实际利率的50%给予财政贴息。……个人借款人申请条件：……登记失业人员、就业困难人员（含残疾人）、退役军人、刑满释放人员、高校毕业生、职业院校毕业生、技工院校毕业生、化解过剩产能企业职工和失业人员、返乡创业人员、网络商户、脱贫人口及农民（以下简称重点扶持对象）自主创业自筹资金不足……1.提交贷款申请时女性不超过55周岁、男性不超过60周岁；2.有具体经营项目；3.已在广州市行政区域内办理法定登记注册手续……4.在提交贷款申请时，除助学贷款、扶贫贷款、住房贷款、购车贷款、10万元以下小额消费贷款（含信用卡消费）以外，本人及其配偶应没有其他贷款。,"主依据文件(市人社局常见问题2025-11-18);对象=重点扶持对象(登记失业/就业困难含残疾人/退役军人/刑满释放/高校毕业生/职校技校毕业生/化解过剩产能职工/返乡创业/网络商户/脱贫人口及农民);女≤55男≤60;广州登记注册;除外助学/扶贫/住房/购车/10万以下小额消费贷无其他贷款;渠道=广东政务服务网搜""广州市创业担保贷款""+广东省就业一体化云平台;9家经办银行(工中农建邮储交行+广州银行/广州农商/广发)"
17,一次性创业补贴,广州市高校毕业生创业补贴，请查收,广州市人力资源社会保障局（越秀区政府网转载）,（政务指引）,2025-04-08,http://www.yuexiu.gov.cn/ggfw/ztfw/jy2/wjybjyxx/content/post_10527377.html,"1、一次性创业资助。补贴条件：（1）初创企业的法定代表人或个体户经营者（女性不超过55周岁、男性不超过60周岁）符合以下条件之一：①普通高等学校、中等职业学校、技工院校学生（在校及毕业5年内）和出国（境）留学回国人员（领取毕业证5年内）；②军转干部、退役军人；③登记失业人员、就业困难人员、本省脱贫人口；④返乡创业人员……⑤创办驿道客栈、民宿、农家乐的人员。（2）初创企业登记注册满6个月，申请补贴当月前连续3个月有在职员工（不含该初创企业法定代表人或个体户经营者）正常缴纳社会保险费，且申请时未被市场监管部门列入""经营异常名录""。……补贴标准：10000元。补贴期限：一次性。","主依据文件(市人社局2025-04-08供稿);依据《广东省就业创业补贴申请办理指导清单》;一次性创业资助10000元,只能享受一次;登记注册之日起3年内提出申请;同文还含优秀创业项目资助(赢在广州大赛)、创业租金补贴6000元/年×≤3年、创业带动就业补贴(招3人以下每人2000元,4人以上每增1人3000元,总额最高3万)"
18,港澳青年在天河创业就业,广州市天河区深化支持港澳青年创新创业高质量发展实施办法,广州市天河区科技工业和信息化局、区人力资源和社会保障局、区委统战部,穗天科工信规字〔2023〕1号,2023-08-09,http://www.thnet.gov.cn/zwfw/zdfw/zcgaqnfz/xgzcjjd/content/post_9310665.html,本办法所称港澳青年，是指45周岁以下，具有中国国籍的香港、澳门特别行政区居民。……基地入驻企业实习的高校在读港澳青年，给予每人每月3000元实习补贴，补贴期限不超过6个月。在基地入驻企业连续就业满1年的港澳青年，符合租住天河区人才公寓条件但未入住人才公寓的，在职期间可领取每人每月1500元住房补贴，补贴期限最长为2年。在粤港澳大湾区（广东）创新创业孵化基地入驻企业连续就业满1年的港澳青年，在职期间可领取每人每年3000元交通补贴，补贴期限最长为2年，单个企业最多申报5人。在粤港澳大湾区（广东）创新创业孵化基地入驻企业连续就业满1年且取得香港或澳门执业资格证的在职港澳青年，一次性给予5万元的就业补贴，每人仅可申请一次。,"天河区亮点:港澳青年=45周岁以下中国国籍港澳居民,台湾青年参照执行;2023-09-08起施行有效期3年;另有落户补贴(天英汇大赛港澳组获奖注册天河一次性10万)、租金补贴(入驻孵化载体租金50%,每年≤5万×≤3年)、高质量发展奖励等;咨询区委统战部020-38622235"
19,就业见习,广东省高校毕业生就业创业扶持政策清单（就业见习补贴部分）,广东省人力资源社会保障厅（广州市人民政府门户发布）,（政策清单）,2026-08-03,https://www.gz.gov.cn/zwfw/zxfw/jyfw/content/post_10949160.html,用人单位（劳务派遣单位除外）组织毕业2年内高校毕业生或16—24岁失业青年参加就业见习，且每月按不低于当地最低工资80%的标准对见习人员支付工作补贴的，可按规定享受就业见习补贴。补贴标准为每人每月按不高于当地最低工资标准且不高于用人单位实际支付的工作补贴金额给予补贴。补贴期限最长不超过12个月。,"主依据文件(现行口径,2026-08-03);原广州办法穗人社规字〔2019〕6号(失效2024-10-15,以省清单为准)定义见习人员=离校未就业毕业2年内高校毕业生和16-24岁登记失业青年,见习期3-6个月最长12个月,单位须购人身意外保险;申领:广东公共就业服务云平台"
20,失业保险金申领,广州市失业保险常见问题解答（2025年11月版）,广州市人力资源和社会保障局（广州市人民政府门户发布）,（政务问答）,2025-12-05,https://www.gz.gov.cn/zwfw/zxfw/sbfw/content/post_10582009.html,失业人员同时符合下列条件的，可以领取失业保险金……（一）失业前用人单位和本人已经缴纳失业保险费累计满一年，或者不满一年但本人有失业保险金领取期限的。（二）非因本人意愿中断就业的……（三）已经办理失业登记，并有求职要求的。……失业保险金按照本市最低工资标准的百分之九十按月计发。目前发放标准为每月2250元。……失业人员缴费时间一至四年的，每满一年，失业保险金领取期限为一个月；四年以上的，超过四年的部分，每满半年，失业保险金领取期限增加一个月。失业保险金领取期限最长为二十四个月。,"主依据文件(2025-11版);标准=最低工资90%=2250元/月(2025年3月起);三个条件须同时满足;领取期限最长24个月;自受理之日起7个工作日内审核办结,审批通过后次月15日前发放;领金期间医保由失业保险基金代缴个人不缴费;每月须做资格核对;重新就业等情形须申报停领"
21,欠薪讨薪与劳动仲裁,广州市劳动人事争议仲裁网上申请流程,广州市人力资源和社会保障局（越秀区政府网转载）,（办事指引）,2022-05-06,http://www.yuexiu.gov.cn/zmhd/ywzsk/rs/content/post_8225627.html,"进入""粤省事""小程序，搜索""调解仲裁""服务……刷脸登陆，进入广州市仲裁申请业务……填写当事人信息、仲裁申请信息和上传资料……提交申请。……如您的仲裁申请已预受理的，请于5个工作日内通过现场或EMS邮寄方式递交材料以完成正式受理。","主依据文件(办事流程);劳动仲裁免费且是劳动争议诉讼前置程序;仲裁时效=知道或应当知道权利被侵害之日起1年内;现场受理地址/邮寄说明见市人社局""广州市劳动人事争议仲裁服务指南""rsj.gz.gov.cn/ywzt/ldgx/ldrszyzc/zcgg;先协商或向劳动监察投诉(12333)再仲裁"
22,灵活就业人员参保,灵活就业人员参加养老保险简介,广州市人力资源和社会保障局（社保中心）,（依据粤人社规〔2020〕30号、粤人社规〔2021〕5号）,2021-08-05,https://rsj.gz.gov.cn/zmhd/cjwt/ldbz/content/post_8015936.html,2020年9月1日起，灵活就业人员在我市可按规定参加养老保险。……以下人员可按规定参加企业职工基本养老保险：无雇工的个体工商户；未在用人单位参加基本养老保险的非全日制从业人员；依托电子商务、网络约车、网络送餐、快递物流等新业态平台实现就业，且未与新业态平台企业建立劳动关系的信息就业形态从业人员；国家和我省规定的其他灵活就业人员。……按照自愿参保原则，法定劳动年龄内的上述灵活就业人员可以个人身份申请参加企业职工基本养老保险，由个人缴纳基本养老保险费。……灵活就业人员的月缴费工资基数，在参保地企业职工基本养老保险的缴费工资基数上下限范围内，由本人自行选择。灵活就业人员的缴费比例为20%，其中12%计入统筹基金，8%计入个人账户。,"主依据文件(2021-08-05);依据粤人社规〔2020〕30号+粤人社规〔2021〕5号;本市户籍凭身份证,非本市户籍凭身份证+省就业登记证明,港澳台凭居住证或就业登记证明;缴费比例20%(12%统筹+8%个账);办理渠道=参保地税务机关(广东电子税务局etax.guangdong.chinatax.gov.cn/粤省事);2021-04-01起省内养老关系不再转移、由最后参保地归集"
23,社保卡申领与补办,怎么申领广州市社会保障卡？,广州市人力资源和社会保障数据服务中心（挂广州市社会保障卡服务中心牌子）,（办事指引）,2026-06-25,https://rsj.gz.gov.cn/ywzt/shbz/gzsshbzk/fwzy/bmwd/content/post_2419165.html,"申领人本人有效身份证件原件。……社会保障卡（以下简称社保卡）相片回执号。……目前我市社保卡服务银行有工商银行、农业银行、中国银行、建设银行、交通银行、邮储银行、中信银行、光大银行、招商银行、浦发银行、民生银行、平安银行、兴业银行、广发银行、广州银行、广州农商银行，申领人在申领时可自愿选择服务银行。……第一步：提前准备社保卡相片回执号……通过""穗好办""APP……或""广州人社""微信公众号……上传1张正面免冠白底彩色头像电子相片……社保卡经办机构将在1个至5个工作日内完成审核……第二步：办理申领……网上办理（可选付费邮寄〔港澳台居民暂不支持邮寄领卡〕或银行网点现场领卡，需等待12个工作日领卡）……第三步：领卡……第四步：设置密码……社保卡设置密码后，持卡人才能凭卡支取或转出金融账户的资金，或者在医保定点医院、药店使用职工医保个人账户资金支付医药费用。","主依据文件(2026-06-25);对象=本市户籍人员及依法享受本市社保待遇的非本市户籍人员;需身份证件原件+相片回执号(穗好办/广州人社上传358×441白底照,1-5工作日审核);网上申领渠道=穗好办/粤省事/广东人社/广东政务服务网;银行网点可即时制卡(立等可取)或限时制卡(12个工作日);16家服务银行自愿选择;领卡后须设置密码才能用金融账户和医保个账"
24,养老保险缴费与退休办理,2025年，广州市企业职工基本养老金申领详解,广州市人力资源和社会保障局（社保中心）,（办事指引）,2025-08-21,https://rsj.gz.gov.cn/ywzt/ldgx/ldlscjg/sb/ywbl/content/post_10412552.html,申领基本养老金的参保人必须同时符合以下年龄条件和缴费年限条件：（一）年龄条件：达到国家规定的退休年龄。（二）缴费年限条件：达到法定退休年龄时累计缴费（含视同缴费年限）满15年。如选择弹性提前退休的，达到所选择退休年龄时累计缴费（含视同缴费年限）满15年。（注：适用于2029年12月31日前退休的参保人）……法定办结时限：20个工作日；承诺办结时限：10个工作日（不包括参保单位或参保人补充材料的时间）……经审核符合领取基本养老金条件的，基本养老金将于审核通过的次月10日前通过受托银行划入退休人员的银行账户。,"主依据文件(2025-08-21);材料=《企业职工基本养老保险待遇申报表》(本人签名)+《企业职工基本养老保险退休时间申请书》+已激活金融功能的社保卡;弹性退休依据人社部发〔2024〕94号(2025-01-01起实施);不收费;退休当月到税务部门办停保;跨省参保先办转移、欠费先补缴;离退休人员每年须做资格认证,逾期暂停发放"
25,养老金领取资格认证,广州市社会保险基金管理中心关于开展2025年企业职工和城乡居民养老保险待遇领取资格认证的通告,广州市社会保险基金管理中心,（年度通告）,2025-03-31,https://rsj.gz.gov.cn/ywzt/ztbd/zszhlwgzqmlslbrw/ylbx/content/post_10200153.html,符合企业职工基本养老保险和城乡居民基本养老保险待遇领取条件的参保人一年至少进行一次资格认证，每次认证时间间隔不超过12个月，可全年申办。……按月领取企业职工基本养老保险和城乡居民基本养老保险待遇的参保人应一年至少进行一次资格认证，每次认证周期为12个月，认证周期自最近一次认证通过时间的次月开始计算。……逾期未认证人员，将按规定暂停发放相关待遇。,"主依据文件(2025年度通告,市社保基金中心2025-03-27);渠道=粤省事/穗好办/电子社保卡小程序+广东人社/掌上12333APP+国家社保平台人脸识别,或街镇社保经办(退管)机构/社保服务主题银行网点/粤智助;企业退休补发时长24个月(含)内、城乡12个月(含)内认证后自动恢复补发;港澳到指定网点(香港工会联合会/澳门社保基金等),境外用外交部""中国领事""APP"
26,社保补缴与转移,"""社保服务进万家""问答课堂——如何进行企业基本养老保险转移",广州市人力资源和社会保障局（广州市政府门户发布）,（政务问答）,2025-10-15,https://www.gz.gov.cn/zwfw/zxfw/sbfw/content/post_10496320.html,跨省流动就业人员并按规定在我省参保缴费后，符合以下条件之一的，可以申请办理基本养老保险关系转入接续：1.男性不满50周岁、女性不满40周岁的。2.经县级以上党委组织部门、人力资源社会保障行政部门批准调动，且与调入单位建立劳动关系并缴纳基本养老保险费的。3.达到法定退休年龄时，最后参保地在省内所属社会保险经办机构，且在广东省内参保的累计缴费年限满10年的（临时缴费账户除外）。4.户籍地为广东省户籍的……自2021年4月1日起，参保人在广东省内流动就业参保的，不再办理企业职工养老保险关系省内转移接续手续。由最后参保地社保经办机构做好数据归集工作。,"主依据文件(转移,2025-10-15);另据《广州市社会保险费补缴相关政策及业务宣传指引》rsj.gz.gov.cn/ywzt/shbz/gzdt/content/post_10687982.html(2026-02-12):单位主动补缴经主管税务机关(材料=补缴申请表+身份证件和户籍证明+劳动合同+工资流水+补缴承诺书),特定情形一次性缴费经社保经办机构(如早期离开国有集体企业人员等);达退休年龄缴费不足可向税务申请延缴,2011-07前参保且延缴5年仍不足可一次性趸缴;违规补缴涉刑(刑法266条解释+社保法88条处骗取金额2-5倍罚款)"
27,最低生活保障,广州市民政局  广州市财政局关于印发我市2025年最低生活保障及相关社会救助标准的通知,广州市民政局、广州市财政局,穗民规字〔2025〕2号,2025-05-30,https://www.gz.gov.cn/gfxwj/sbmgfxwj/gzsmzj/content/post_10291577.html,（一）全市城乡最低生活保障标准为每人每月1309元。（二）最低生活保障边缘家庭认定标准按最低生活保障标准的1.5倍确定，为每人每月1963.5元。（三）特困人员基本生活标准按本市最低生活保障标准的1.6倍且不低于所在区现行特困人员基本生活标准确定……越秀区、海珠区、荔湾区、天河区、白云区、花都区、从化区、增城区的城乡特困人员基本生活标准为每人每月2094.4元……（四）孤儿养育标准和事实无人抚养儿童基本生活补贴标准为每人每月2976元。（五）成年流浪乞讨受助人员基本饮食标准为每人每月785.4元；未成年人受助人员基本饮食标准为每人每月916.3元。,"主依据文件;低保/特困/孤儿标准2025-01-01起执行,低保边缘家庭及分类救济标准2025-06-01起执行;有效期1年;2026年标准以当年穗民规字通知为准"
28,残疾人两项补贴与辅具,广州市残疾人两项补贴2025年发放情况和2026年发放标准,广州市民政局,（依据粤财社〔2026〕19号）,2026-02-26,https://www.gz.gov.cn/zwgk/zdly/mzxx/shjzyfl/shfl/content/post_10698578.html,2025年1月起，全市困难残疾人生活补贴和重度残疾人护理补贴标准分别为每人每月209元、280元。……根据《广东省财政厅 广东省民政厅 广东省残疾人联合会关于2026年提高我省残疾人两项补贴标准的通知》（粤财社〔2026〕19号）要求，2026年1月起，全市困难残疾人生活补贴和重度残疾人护理补贴标准分别提高至每人每月217元、290元。,"标准依据文件(2026-02-26市民政局);对象/受理/衔接另见《广州市困难残疾人生活补贴和重度残疾人护理补贴实施办法》(增城区政府门户转载 zengcheng.gov.cn/zfxxgkml/qmzj/qt/content/post_8669344.html):生活补贴=低保低收家庭持证残疾人或一二级重度及非重度智精残且前12个月月均收入低于标准;护理补贴=一二级重度及非重度智精残(残疾军人警察一至四级);受理=镇街窗口+粤省事小程序/广东政务服务网,外地户籍推送属地办理;辅具另见市残联《广州市残疾人辅助器具适配补贴办法》https://www.gz.gov.cn/gfxwj/sbmgfxwj/gzscjrlhh/content/post_5487929.html:定点康复机构适配评估,每年≤2件(套),0-6岁儿童可持病历申请"
29,特困人员救助供养,广州市人民政府办公厅关于进一步加强特困人员救助供养工作的通知,广州市人民政府办公厅,穗府办规〔2021〕7号,2021-04-16,https://www.gz.gov.cn/gfxwj/szfgfxwj/gzsrmzfbgt/content/post_7231742.html,本市特困人员认定条件按国家、省有关规定实施，特困人员经济状况核对标准参照本市最低生活保障家庭标准执行。……特困人员基本生活标准按本市最低生活保障标准的1.6倍，且不低于所在区现行特困人员基本生活标准确定。……供养服务机构每月按照不低于特困人员基本生活供养金20%的标准向特困人员发放零用钱。……区民政部门应在特困人员签订供养意愿书之日起1个月内，为有集中供养意愿的特困人员落实集中供养服务。,"制度依据文件(页面标失效2023-06-01);现行特困标准以穗民规字〔2025〕2号为准=低保1.6倍=2094.4元/月;生活自理能力评估参照广州市老年人照顾需求评估:能力完好=全自理,轻度/中度失能=半自理,重度失能=全护理;一二级智精残=全护理,三级=半自理"
30,临时救助与突发困难,广州市人民政府办公厅关于印发广州市临时救助实施细则的通知,广州市人民政府办公厅,穗府办规〔2021〕19号,2021-12-06,https://www.gz.gov.cn/gfxwj/szfgfxwj/gzsrmzfbgt/content/post_7960479.html,本实施细则所称临时救助，是指国家对遭遇突发事件、意外伤害、重大疾病，受传染病疫情等突发公共卫生事件影响或其他特殊原因导致基本生活暂时陷入困境，其他社会救助制度暂时无法覆盖或救助之后基本生活暂时仍有严重困难的家庭或个人给予的应急性、过渡性的救助。……申请支出型临时救助的事由应发生在申请日前12个月内。……申请急难型临时救助的事由应发生在申请日前1个月内……凡认为符合临时救助条件的城乡居民可向户籍所在地或经常居住地镇人民政府（街道办事处）提出申请。……救助金额=家庭人数×本市每月最低生活保障标准×救助月数。……支出型临时救助标准原则上人均不超过本市12个月最低生活保障标准；其中本市特困人员住院照料临时救助标准不超过240元/人/日，其他申请人住院照料临时救助标准不超过120元/人/日。……急难型临时救助标准原则上人均不超过本市3个月最低生活保障标准。……同一家庭在1个自然年度内临时救助金额累计最高不得超过5万元。……批准给予临时救助的，应尽快发放救助金额，原则上不得超过30天（自批准之日起计算）。,"主依据文件;2021-12-06印发施行,有效期5年(至2026-12-06);在穗港澳台居民可向经常居住地或困难发生地镇街申请;支出型需申请日前12个月内教育/医疗/住院照料支出凭据,急难型需申请日前1个月内定点医疗机构疾病诊断书;先行急难救助可先救助后补手续,人均≤2个月低保"
31,长者饭堂与助餐服务,广州市老年人助餐配餐服务管理办法,广州市民政局、广州市财政局、广州市市场监督管理局,穗民规字〔2024〕3号,2024-03-14,http://www.thnet.gov.cn/gzthczgz/gkmlpt/content/9/9914/post_9914521.html,本办法所称老年人助餐配餐服务，是指以长者饭堂为主要依托，为在本市行政区域内居住的60周岁及以上居家老年人提供制餐、配餐、分餐、就餐、送餐等服务的活动。……在本市行政区域内居住的60周岁及以上的户籍居家老年人接受助餐配餐服务可享受就餐补贴。补贴标准为每人每次就餐费用的四分之一，最高不超过3元。就餐补贴在老年人给付就餐费用时自动扣减。……长者饭堂运营机构为老年人照护需求等级1-5级的本市户籍老年人提供送餐服务可享受送餐补贴，其中，老年人照护需求等级1-2级补贴标准为每人每次2元，3-5级补贴标准为每人每次4元。……长者饭堂运营机构按符合条件的实际就餐人次享受运营补贴，补贴标准为采取自主供给服务模式运营的长者饭堂每人每次3元，其他服务模式运营的每人每次1.5元。……老年人可使用社会保障卡或老年优待卡刷卡就餐。,"主依据文件(市级办法,天河区政府信息公开规章库转载);2024-04-01起实施,有效期5年;依据穗府办规〔2022〕13号;对象=居住本市60周岁及以上居家老年人;申请=广州市为老服务综合平台线上+镇街线下,本市户籍老年人3个工作日内确认就餐补贴资格,送餐补贴资格在评估结果出具后3个工作日内确认;补贴午餐晚餐每餐计1次;持一二级残疾人证重度残疾人直接认定照护3-5级;食堂须≥30㎡食品处理区+≥25㎡就餐区,容纳10名以上老人同时就餐"
32,居家养老与颐康站服务,广州市居家社区养老服务管理办法,广州市人民政府办公厅,穗府办规〔2022〕13号,2022-09-16,https://www.gz.gov.cn/zwgk/fggw/sfbgtwj/content/post_8571313.html,本办法所称居家社区养老服务对象，是指居住在本市行政区域内有需求的60周岁及以上居家老年人。入住养老机构的老年人不纳入居家社区养老服务对象范围。……每个街道、镇应当单独设置至少1个街镇级综合养老服务中心（颐康中心），每处建筑面积原则上不少于1000平方米，并应当具备全托、日托、上门服务、对下指导、统筹调配资源等功能。……每个社区、行政村应当设置至少1个村居颐康服务站，每处建筑面积原则上不少于200平方米，并应当具备日间照料、上门服务、助餐配餐、文体康乐等功能。……第一类资助对象每人每月400元，第二类资助对象每人每月200元。经评估为重度失能的，每人每月增加护理资助200元。……经济困难老年人包括经家庭经济状况核对，家庭成员人均月收入低于本市最低生活保障标准的2.5倍的老年人。,"主依据文件;2022-09-13印发施行,有效期5年;对象=居住本市有需求的60周岁及以上居家老年人,入住养老机构不纳入;设施:每区≥1个区级综合养老中心(≥1000㎡)、每街镇≥1个颐康中心(≥1000㎡,全托/日托/上门)、每社区/村≥1个颐康服务站(≥200㎡,日间照料/上门/助餐/文体);申请=市为老服务综合信息平台线上或街镇政务服务中心/颐康中心/颐康站线下;资助:第一类400元/月(分散供养特困、低保低收优抚失能/独居、劳模失能、100周岁+、计生特殊家庭),第二类200元/月(经济困难且失能失智:80周岁+或纯老家庭),重度失能另加200元护理资助,就高享受;资助不发现金当月用毕不滚存;经济困难=家庭人均月收入<低保标准2.5倍;人户分离由居住地机构服务;咨询020-12345"
33,长期护理保险（长护险）,广州市长期护理保险试行办法,广州市医疗保障局、市财政局、市民政局、市卫生健康委,穗医保规字〔2024〕1号,2024-01-03,https://www.gz.gov.cn/zwgk/gzsrmzfgbn/2024/5/content/post_10640507.html,本市职工社会医疗保险参保人员、年满18周岁的城乡居民社会医疗保险参保人员，在参加我市社会医疗保险的同时参加长护险，由医保经办机构为其建立长护险参保关系。……享受长护险1～3级待遇的人员（以下简称长期失能人员），需经医疗机构或康复机构规范诊疗、失能状态持续6个月以上，且经本市老年人照护需求综合评估或参照本市老年人照护需求综合评估符合条件的。……职工参保人员由长护险基金按机构护理75%、居家护理90%的比例支付；居民参保人员由长护险基金按机构护理70%、居家护理85%的比例支付。……长期失能人员的失能评估费用纳入支付范围的费用标准为每人每次200元……经评估后对应享受长护险2～3级待遇的由长护险基金按100%的比例支付。,"主依据文件;2024-01-03印发,有效期3年(至2027-01-02);依据医保发〔2020〕37号国家试点;参保=职工医保+年满18周岁居民医保同步;缴费:职工单位0.15%+个人按年龄(未满35不缴、35-45为0.02%、45至退休0.08%、退休0.12%),居民个人+财政各0.15%;长期失能=失能持续6个月以上+照护需求综合评估;延续失能=年满60周岁+规定病种住院稳定后出院+延续护理评估(待遇1-3个月/年≤2次);服务=机构护理/居家护理(A类3级每日上门、B类2级职工月≥12次28小时、C类1级月≥4次8小时);支付:职工机构75%/居家90%,居民机构70%/居家85%;3级限额:机构护理职工120元/日(床位费≤35)、居家105元/日,居民机构60/居家50;医疗护理基金月限职工1000元/居民500元;设备使用费职工月≤300元;失能评估200元/次(2-3级基金100%、1级各50%、其他自付);咨询020-12345"
34,老年优待卡（乘车公园）,广州市老年人优待办法,广州市人民政府（市政府令）,广州市人民政府令第179号,2021-01-29,https://www.gz.gov.cn/zwgk/fggw/wyzzc/content/post_8300620.html,年满60周岁，具有本市户籍或者持有本市有效居住证件的公民，享受本办法规定的优待。……年满60周岁不满65周岁的老年人持本市老年人优待凭证乘坐市内线路公共汽（电）车、过江轮渡、水上巴士和城市轨道交通，享受半价优惠。65周岁以上老年人持本市老年人优待凭证免费享受前款优待。……自本办法实施之日起申领、补办的本市老年人优待凭证设置2年有效期。……符合本办法规定的老年人可以通过户籍所在地或者居住地的街（镇）政务服务中心或者网络服务平台，向区老龄工作机构申领本市老年人优待凭证。区老龄工作机构初核后，报市老龄工作机构统一核准制发。,"主依据文件(市政府令第179号,2021-05-01施行);对象=年满60周岁本市户籍或持有效居住证公民;乘车:60-64半价/65+免费(市内公交、过江轮渡、水上巴士、城市轨道);公立医院普通门诊诊查费自费部分减收1元;市属收费公园和文化场馆60-64半票/65+免费;白云山60+半价或全免(须先持卡+身份证到门岗激活,65+可直接刷卡);申领可提前2个月:线下街(镇)政务服务中心,线上""穗好办""APP搜""广州市老年人优待卡的核发""(审核通过后15个工作日制发);材料=身份证+近三个月一寸白底照(外埠加居住证,港澳台加港澳台居民居住证);2年有效期届满前1个月内到街镇政务服务中心/羊城通客服网点续期不换卡;咨询羊城通400-844-0001/市老龄办020-62839996"
35,人才引进入户广州,广州市引进人才入户管理办法,广州市人民政府办公厅,穗府办规〔2020〕10号,2020-06-29,https://www.gz.gov.cn/gfxwj/szfgfxwj/gzsrmzfbgt/content/post_6454313.html,（二）具有博士研究生学历，或具有博士学位，或具有高级职称的人员，年龄需在50周岁以下。（三）具有硕士研究生学历，或具有硕士学位的人员，年龄需在45周岁以下。（四）具有国内普通高校全日制大学本科学历并有学士学位，或具有国（境）外学士学位，或具有中级职称的人员，年龄需在40周岁以下。……符合第五条有关条件的引进人才，准予其配偶、未成年子女随本人同时迁入本市户籍。……在审核及办理户籍迁入本市过程中，相关职能部门不得收取任何费用。,"主依据文件(2020-06-29印发,有效期5年);学历门槛:博士50以下/硕士45以下/全日制本科+学士或国(境)外学士或中级职称40以下;技术技能人才:从事市引进技术技能人才职业目录内职业+获证后本市工作参保满半年(高级技师45/技师40/高级工35/紧缺工种40);配偶未成年子女随迁;不收取费用;虚假承诺取消资格5年+记个人信用记录;实施细则=穗人社规字〔2022〕2号(2022-07-07,有效期5年):在职人才全流程网办,15个工作日审核(特殊可延长10个)+5个工作日公示,核发电子入户信息卡后到公安机关落户;学历型指南(市人社局2026-05-18):智能审批快捷通道即时反馈,人工审核需上传身份证户口簿+学历学位证书及认证(学信网备案表/国境外留服认证书)+落户地址材料"
36,积分制入户广州,广州市积分制入户管理办法,广州市人民政府办公厅,穗府办规〔2025〕8号,2025-06-30,https://www.gz.gov.cn/zwgk/fggw/sfbgtwj/content/post_10343148.html,积分制入户人员应同时符合以下条件：（一）在本市合法稳定就业或创业；（二）年龄在45周岁以下；（三）持本市办理有效《广东省居住证》；（四）缴纳社会保险满4年；（五）按照《广州市积分制入户指标体系及分值表》计算总积分满150分；（六）近5年内未受过刑事处罚。……积分制入户申请人员按基础指标分值从高到低进行排名，分值相同时，按照在本市缴纳社会医疗保险时长排名；如再相同，按照在本市连续办理《广东省居住证》时长排名。……通过积分制入户的人员，其配偶、未成年子女可同时随迁入户本市。,"主依据文件(重新发布穗府办规〔2023〕1号,2025-07-04印发,有效期至2026-12-31);六项条件须同时满足;排名=基础指标(合法稳定住所+合法稳定就业+年龄)分值从高到低,再同比社保时长再比居住证时长;基础指标:居住证满1年8分、合法产权住所20分、租赁满1年5分最高20,五险每险种满1年2分+公积金2分,18-40周岁30分(40以上每增1岁少2分);加分:本科30/专科20/高中10、专利20分/项、急需工种10分、献血2分/次志愿每50小时2分、纳税、表彰等;减分:信用不良每宗减10、偷漏税每次减10、治安处罚每次减10;年度指标总量控制(2025年度1.6万个);另据市人社局《2025年度积分制入户工作热点13问》rsj.gz.gov.cn/zwdt/tzgg/content/post_10432658.html:申报2025-10-10至11-10,先在""广州市来穗人员积分制服务管理信息系统""核定积分,审核排名靠前到镇(街)受理窗口现场核验,公示后发放入户卡;配偶未成年子女随迁;不收费;咨询各镇(街)受理窗口"
37,个体工商户营业执照办理,中华人民共和国市场主体登记管理条例,国务院,国务院令第746号,2022-03-01,https://scjgj.gz.gov.cn/zcfg/xzfg/content/post_9745016.html,本条例所称市场主体，是指在中华人民共和国境内以营利为目的从事经营活动的下列自然人、法人及非法人组织：……（四）个体工商户。……市场主体应当依照本条例办理登记。未经登记，不得以市场主体名义从事经营活动。……申请办理市场主体登记，应当提交下列材料：（一）申请书；（二）申请人资格文件、自然人身份证明；（三）住所或者主要经营场所相关文件。……登记机关应当对申请材料进行形式审查。对申请材料齐全、符合法定形式的予以确认并当场登记。不能当场登记的，应当在3个工作日内予以登记；情形复杂的，经登记机关负责人批准，可以再延长3个工作日。……营业执照签发日期为市场主体的成立日期。……电子营业执照与纸质营业执照具有同等法律效力。,"主依据文件(国务院令第746号,2022-03-01施行,市监局官网转载);第二条(四)个体工商户属市场主体;第三条未经登记不得以市场主体名义经营;第八条个体户登记事项=名称/经营范围/经营场所/经营者姓名住所等;第十一条电子商务平台内自然人经营者可用平台网络经营场所作经营场所;第十四条经营范围含登记前须批准的许可项目应提交批准文件;第十六条材料=申请书+身份证明+住所经营场所文件;第十九条当场登记/3个工作日/复杂再延3个工作日,不齐全一次性告知;第二十一条执照签发日=成立日期;第二十二条电子执照与纸质同等效力;第三十五条年度报告公示;第三十七条执照置于醒目位置不得伪造涂改出租出借转让;第四十三条未经登记经营责令改正没收违法所得,拒不改正罚1万-10万;广州渠道=广州市开办企业一网通平台scjgj.gz.gov.cn/ywt/实行""一网通办、一窗通取"",部分区AI帮办最快当日;登记不收费"
